set,TREND_LEN,BASE_LEN,MA1_LEN,MA2_LEN,DC_LEN,n,expR
原版,120,200,41,72,20,637,0.4121364973950222
TREND_LEN×0.9,108,200,41,72,20,642,0.4086425897325592
TREND_LEN×1.1,132,200,41,72,20,641,0.4294738622306037
BASE_LEN×0.9,120,180,41,72,20,647,0.34316822705844024
BASE_LEN×1.1,120,220,41,72,20,609,0.41313124297056897
MA1_LEN×0.9,120,200,37,72,20,649,0.433143792956473
MA1_LEN×1.1,120,200,45,72,20,619,0.3968532455781723
MA2_LEN×0.9,120,200,41,65,20,651,0.4496200199473613
MA2_LEN×1.1,120,200,41,79,20,619,0.3997380804547952
DC_LEN×0.9,120,200,41,72,18,638,0.4147034609472895
DC_LEN×1.1,120,200,41,72,22,637,0.4266982750002234
隨機1,111,200,42,65,19,656,0.4302666073422605
隨機2,130,183,38,78,20,639,0.391026369996546
隨機3,117,200,42,69,19,642,0.41513659387521856
隨機4,127,207,41,77,20,617,0.41568817549978276
隨機5,132,188,41,72,19,646,0.38221575544930875
隨機6,122,189,43,77,19,630,0.3905683206333028
隨機7,119,191,38,78,20,637,0.4236364481057171
隨機8,112,207,39,78,19,622,0.4203466117319429
隨機9,109,188,40,72,22,644,0.3947846668927323
隨機10,125,194,37,67,22,668,0.4707616339848163
隨機11,119,208,37,65,21,670,0.4777383809274746
隨機12,122,192,40,66,19,660,0.44624777600503013
隨機13,109,214,41,67,21,635,0.4583264697753442
隨機14,113,182,42,78,18,628,0.3677967094688226
隨機15,127,188,38,65,19,679,0.41053991060529155
隨機16,125,200,44,68,19,639,0.4084645227827629
隨機17,114,219,45,70,20,604,0.40270364548919646
隨機18,116,210,37,66,20,659,0.4790996560170951
隨機19,114,214,43,73,21,615,0.43297741411210405
隨機20,125,211,45,67,21,621,0.42073580921873915
隨機21,111,198,43,78,21,617,0.42814890665969607
隨機22,109,194,38,79,19,639,0.4234694582040801
隨機23,114,194,37,77,21,644,0.46005506543254965
隨機24,112,200,38,74,19,643,0.43470005003233564
隨機25,109,185,41,74,19,643,0.3648018134915958
隨機26,123,194,38,69,20,661,0.45341385934559475
隨機27,130,185,38,73,22,652,0.39171655074131717
隨機28,130,208,37,76,21,628,0.4344996055348306
隨機29,111,199,37,76,21,639,0.4593801960316533
隨機30,127,210,39,76,19,618,0.41387603314561344
隨機31,111,196,41,69,20,652,0.41433817311329063
隨機32,122,190,42,70,21,644,0.4112255270100866
隨機33,115,212,40,73,21,626,0.4521905720847025
隨機34,120,190,45,66,19,646,0.4025698558086779
隨機35,121,181,38,76,21,651,0.38944563374682817
隨機36,123,216,43,69,21,613,0.42075975436224977
隨機37,116,210,40,67,22,643,0.484935774715482
隨機38,125,210,41,76,20,612,0.3962129558583609
隨機39,122,183,41,77,21,632,0.4198216902581061
隨機40,127,200,44,66,22,642,0.4291626015629617
