ts,oi
1790812800000,27638.2326000000699
1790816400000,27859.0561000000685
1790820000000,28172.6021000000778
1790823600000,28319.2238000000756
1790827200000,28085.7745000001042
1790830800000,28087.049600000092
1790834400000,28040.3241000000946
1790838000000,28133.5642000001216
1790841600000,28285.2692000001108
1790845200000,28069.111600000107
1790848800000,28093.8886000001199
1790852400000,28174.1332000001132
1790856000000,28200.268100000114
1790859600000,28429.7285000001119
1790863200000,28425.6715000001186
1790866800000,28586.7924000001114
1790870400000,28386.8379000000997
1790874000000,28933.1716000001108
1790877600000,28933.1031000001263
1790881200000,28941.0299000001257
1790884800000,28830.0931000001175
1790888400000,28695.7948000001116
1790892000000,28647.5390000001083
1790895600000,28633.4288000001122
1790899200000,28859.8689000001023
1790902800000,28986.2328000001003
1790906400000,29210.6073000000982
1790910000000,29859.4420000000986
1790913600000,29503.2701000001225
1790917200000,29463.9781000001209
1790920800000,29397.3183000001242
1790924400000,29154.0973000001097
1790928000000,29211.5378000001158
1790931600000,29272.4816000001271
1790935200000,29373.6919000001251
1790938800000,29420.0468000001246
1790946000000,29683.8417000001239
1790949600000,29550.7423000001054
1790953200000,29433.4338000000971
1790956800000,29383.3476000000914
1790960400000,29380.6616000001378
1790967600000,28631.6850000000806
1790971200000,28588.5921000000819
1790974800000,28535.0507000000801
1790982000000,28581.1753000001202
1790985600000,28500.6959000001225
1790992800000,28666.4173000001244
1790996400000,28725.1380000001283
1791000000000,28750.5614000001216
1791003600000,28734.2496000001275
1791007200000,28698.2834000001224
1791014400000,28538.4741000001189
1791018000000,28493.9996000001188
1791021600000,28447.7520000001152
1791025200000,28470.2361000001225
1791028800000,28438.9041000000976
1791036000000,28580.9809000000617
1791039600000,28530.1679000000609
1791043200000,28498.3308000000583
1791050400000,28464.7309000000673
1791054000000,28489.7079000001024
1791057600000,28511.5135000001029
1791064800000,28414.1478000000675
1791072000000,28281.8852000000745
1791075600000,28329.1905000001014
1791079200000,28348.9964000000977
1791082800000,28410.1729000000969
1791086400000,28438.6875000000906
1791093600000,28565.4216000000915
1791097200000,28597.2535000000969
1791100800000,28397.448100000099
1791104400000,28495.6733000000934
1791108000000,28546.4104000000941
1791111600000,28518.684000000089
1791118800000,28465.6239000000846
1791122400000,28483.3269000000897
1791126000000,28486.9276000000954
1791129600000,28487.8384000000957
1791136800000,28559.3098000000958
1791140400000,28725.8320000000951
1791144000000,28746.0908000000576
1791151200000,28469.7456000000977
1791154800000,28816.7447000001081
1791162000000,29374.1669000001225
1791165600000,29457.525100000126
1791169200000,29465.4936000001159
1791172800000,29196.5429000001185
1791176400000,29122.2511000000845
1791183600000,28925.7047000001143
1791187200000,28887.3322000001086
1791190800000,28949.6945000001139
1791194400000,28961.9129000001033
1791198000000,29017.3562000000938
1791201600000,29035.714100000093
1791205200000,29065.8043000000664
1791208800000,28521.5543000001212
1791216000000,28802.8262000000878
1791219600000,29020.4076000000919
1791223200000,28560.8248000000768
1791226800000,28710.2861000000716
1791230400000,28638.2559000000687
1791234000000,28635.4474000001076
1791241200000,28542.3606000001012
1791244800000,28669.0231000000965
1791248400000,28652.2211000000856
1791255600000,28809.1430000000988
1791259200000,28925.9399000000703
1791262800000,28801.6403000000785
1791266400000,29115.7175000001154
1791270000000,29145.9627000001046
1791273600000,29199.6161000000701
1791277200000,29135.3431000001188
1791284400000,29567.6130000001213
1791288000000,29692.376400000132
1791291600000,29937.3675000001365
1791295200000,30006.5470000001063
1791298800000,29948.6982000000644
1791306000000,30100.0921000001024
1791309600000,29858.3240000000882
1791313200000,29936.6921000001103
1791316800000,29843.886700000114
