ts,open,high,low,close,volume
1790812800000,83579.8,83615.3,83414.5,83464,624.2528
1790813700000,83463.9,83486.4,83368.6,83446.2,649.1306
1790814600000,83446.2,83540,83400,83540,367.1926
1790815500000,83539.9,83559.3,83450,83468.1,258.8984
1790816400000,83468.1,83577,83460,83549.3,250.1321
1790817300000,83549.3,83666.7,83490.3,83588.6,673.4401
1790818200000,83588.7,83588.7,83442.9,83555.5,281.198
1790819100000,83555.5,83571.2,83465,83471.7,184.1913
1790820000000,83471.8,83636.1,83468.2,83563.5,403.2037
1790820900000,83563.4,83563.5,83400.4,83511.8,585.9899
1790821800000,83511.9,83566.7,83400,83412.2,525.48
1790822700000,83412.1,83495.3,83377,83457.9,292.3522
1790823600000,83457.9,83495.8,83400,83445.1,231.4256
1790824500000,83445.1,83509.9,83405.1,83489.7,210.8262
1790825400000,83489.7,83713.5,83433,83680.9,577.1451
1790826300000,83680.8,83750,83604.4,83727.5,779.7186
1790827200000,83727.4,83914.7,83727.4,83899.9,824.7988
1790828100000,83899.9,83900,83678,83830,877.2969
1790829000000,83829.9,83907.3,83733.1,83898.9,434.3719
1790829900000,83898.9,84173.3,83894.4,84066,1572.4622
1790830800000,84066,84222,83977,84201.4,893.388
1790831700000,84201.4,84276.3,84192.1,84248.8,535.5155
1790832600000,84248.8,84279.6,84154.2,84172,620.5529
1790833500000,84172,84333.4,84172,84255,593.308
1790834400000,84255,84367.8,84192.6,84335.4,678.5042
1790835300000,84335.3,84340.4,84254.3,84304.9,323.8075
1790836200000,84304.9,84317,84069.8,84124.2,784.8312
1790837100000,84124.3,84165.9,84080,84080.1,312.6101
1790838000000,84080,84180.7,84006.4,84010,790.5194
1790838900000,84010.1,84048.8,83272.6,83331.1,4271.6596
1790839800000,83331,83624,83308.2,83506.2,1662.3312
1790840700000,83506.1,83611,83355,83380.1,671.4716
1790841600000,83380.1,83486.5,83300,83342.8,672.5085
1790842500000,83342.7,83445,83311.5,83396.7,503.5183
1790843400000,83396.7,83550,83123.1,83462.3,2047.88
1790844300000,83462.3,83543,83405.4,83528.8,471.0321
1790845200000,83528.7,83732,83520.1,83657.4,777.8898
1790846100000,83657.5,83767.6,83633.2,83731.8,476.7318
1790847000000,83731.8,83856.7,83731.8,83848.7,665.6865
1790847900000,83848.7,83862.7,83709,83744.9,620.5301
1790848800000,83744.9,83777,83373.3,83666.7,1275.1386
1790849700000,83666.6,83742,83518.9,83655.7,714.6026
1790850600000,83655.7,83858.4,83655.7,83857.8,496.1577
1790851500000,83857.9,84065.5,83823.9,83939.2,1017.6038
1790852400000,83939.3,83939.3,83781.4,83839.9,637.3225
1790853300000,83840,83850,83750.5,83846.6,378.7527
1790854200000,83846.6,83957.8,83756.2,83934.6,354.8099
1790855100000,83934.7,84019.3,83861.3,83880.2,636.5188
1790856000000,83880.2,83980,83880.1,83963.3,493.305
1790856900000,83963.3,83963.3,83828.5,83872.4,577.6062
1790857800000,83872.5,84020,83802,83856.1,430.3076
1790858700000,83856.1,83896.4,83620.2,83702.9,960.0274
1790859600000,83703,83712.1,83466,83487.1,938.9236
1790860500000,83487.1,83585.6,83413,83442.2,754.1839
1790861400000,83442.3,83946.3,83428.1,83907.9,2475.8312
1790862300000,83908,83994.2,83626,83898.4,1610.2379
1790863200000,83898.4,84021.7,83515.6,83765.3,1628.5921
1790864100000,83765.3,84186.5,83750.3,84078.6,2203.7663
1790865000000,84078.6,84297.5,83943.3,83987.4,2313.9517
1790865900000,83987.5,84057.2,83700,84015.1,1781.5654
1790866800000,84015.2,84285.4,83781.6,84045.5,2230.0781
1790867700000,84045.5,84199.9,84008.4,84041.3,1120.4239
1790868600000,84041.3,84041.3,83777,83851.5,1487.2043
1790869500000,83851.5,84265.2,83834.6,84132.7,2132.7619
1790870400000,84132.8,84285,84100.2,84284.9,1119.208
1790871300000,84285,84408.9,84218.2,84272.1,1569.7702
1790872200000,84272.2,84588,84155.4,84299.8,2397.7361
1790873100000,84299.8,84387,84017.3,84168.9,1216.298
1790874000000,84168.9,84458,84160.8,84398.5,1479.3452
1790874900000,84398.5,84898.2,84398.5,84887.5,2891.0121
1790875800000,84887.5,85016.3,84738.6,85014.9,2299.2484
1790876700000,85014.9,85041.9,84739.2,84859.6,1291.4662
1790877600000,84859.7,84951.7,84646,84842.5,1419.5637
1790878500000,84842.6,84900,84749,84758.8,378.2498
1790879400000,84758.9,85236.2,84745.7,84914.6,1768.3981
1790880300000,84914.6,84923.3,84621.2,84761.4,831.076
1790881200000,84761.5,84858.4,84688.7,84749.9,582.0141
1790882100000,84749.9,84785.5,84556.1,84568.2,718.865
1790883000000,84568.2,84727,84549.1,84606.8,463.2213
1790883900000,84606.7,84671.3,84532.3,84625,480.3935
1790884800000,84625.1,84822.8,84625,84740,353.7841
1790885700000,84740,84816.5,84721.6,84721.6,193.2754
1790886600000,84721.6,84735.9,84555,84564.1,246.2973
1790887500000,84564,84633,84517.3,84585.2,202.537
1790888400000,84585.2,84619.9,84568.4,84573.3,109.295
1790889300000,84573.3,84650.4,84520,84544.8,189.1792
1790890200000,84544.8,84573,84440,84449.4,393.7765
1790891100000,84449.5,84532.6,84442.6,84504.9,247.8203
1790892000000,84504.9,84755,84500,84714.4,322.8775
1790892900000,84714.4,84732,84655.1,84655.1,149.2509
1790893800000,84655.1,84758,84617.5,84650,224.5523
1790894700000,84650,84741.6,84580.2,84712.9,172.3514
1790895600000,84713,84713,84623.8,84623.8,119.0777
1790896500000,84623.8,84736.2,84606.7,84702.8,307.3743
1790897400000,84702.9,84833.3,84662,84796.6,228.2002
1790898300000,84796.5,84868,84742.3,84837.7,316.4443
1790899200000,84837.7,84879,84721.3,84833.6,368.8811
1790900100000,84833.5,84932.8,84747.3,84747.5,507.3015
1790901000000,84747.6,84849,84652.3,84773.1,578.6131
1790901900000,84773,84777.3,84681.1,84746.1,202.5646
1790902800000,84746.2,84750.4,84610.7,84610.8,249.9977
1790903700000,84610.7,84663.4,84464.7,84586.1,603.0395
1790904600000,84586.1,84610,84528,84540.5,144.2114
1790905500000,84540.5,84962.3,84528.5,84867.6,596.8097
1790906400000,84867.6,85080,84818.7,85037.2,1129.5499
1790907300000,85037.1,85037.3,84828.8,84886,476.4742
1790908200000,84886,84949.9,84811.7,84949.9,249.8032
1790909100000,84950,85150,84949.9,85142.9,866.309
1790910000000,85142.9,85480,85142.9,85255.9,2626.0351
1790910900000,85255.9,85299,85148.4,85237.9,582.0749
1790911800000,85237.9,85420,85231.7,85378.7,865.6233
1790912700000,85378.7,85532.3,85338.5,85466.9,968.8252
1790913600000,85467,85569.5,85401,85421.1,1344.4641
1790914500000,85421.2,86789.4,85419.1,86750,9064.4873
1790915400000,86750,86888,86341.3,86494.2,3578.4481
1790916300000,86494.3,86743.2,86426.3,86623.1,1208.2268
1790917200000,86623.2,86636.3,86458.9,86539,830.7188
1790918100000,86539,86550,86251.7,86315,1053.5361
1790919000000,86315,86360.6,85850,86100.1,2304.2265
1790919900000,86100.1,86134.6,85932.2,85966.8,688.3551
1790920800000,85966.8,86071.9,85850,85879.7,1082.213
1790921700000,85879.7,86030,85879.7,85988.5,617.3611
1790922600000,85988.5,86073.2,85900,85975.5,629.2667
1790923500000,85975.4,86081.3,85912.8,85948.8,786.4408
1790924400000,85948.8,86035,85860,85928.7,794.2189
1790925300000,85928.7,85950,85859.9,85916.2,405.3296
1790926200000,85916.2,85916.3,85725.8,85742.1,1303.6342
1790927100000,85742,86151.3,85742,86080,1348.0355
1790928000000,86080,86316.3,86047.4,86286,1459.2421
1790928900000,86285.9,86631,86285,86365.6,1706.7862
1790929800000,86365.6,86444,86227.4,86288.1,770.828
1790930700000,86288,86326.2,86160,86209.2,579.8456
1790931600000,86209.3,86230,86088.8,86189.4,485.3092
1790932500000,86189.4,86228,86070.1,86185.1,508.0247
1790933400000,86185,86380,86147.3,86314.3,602.8293
1790934300000,86314.4,86410,86247.3,86331.5,431.5648
1790935200000,86331.6,86413.2,86275.9,86303.3,505.5421
1790936100000,86303.3,86379,86135,86370.1,458.4159
1790937000000,86370,86472.3,86315.1,86393.1,386.2975
1790937900000,86393.1,86397.6,86245.5,86260.1,360.8688
1790938800000,86260,86468.6,86227.4,86421,367.4132
1790939700000,86421.1,86459.1,86377.2,86387.1,281.9514
1790940600000,86387,86517.3,86383,86449.6,448.9454
1790941500000,86449.6,86531.5,86373.9,86373.9,354.1556
1790942400000,86373.9,86450,86266,86375.2,526.2875
1790943300000,86375.2,86621.9,86354.2,86579.8,1166.6438
1790944200000,86579.8,87239,86373.9,86438.7,8540.9434
1790945100000,86438.7,86870,86409.4,86771.6,1498.1631
1790946000000,86771.6,86905,86622,86650.1,778.0033
1790946900000,86650.1,86725.3,86559.8,86560.1,493.0606
1790947800000,86560,87111,86531.7,86863.2,2903.2343
1790948700000,86863.1,86964,86412,86529.3,2080.924
1790949600000,86529.4,86804.6,86264.1,86310.5,2043.7829
1790950500000,86310.5,86615.3,86026.4,86051.6,2127.1274
1790951400000,86051.6,86145.9,85650,85924.8,3784.9947
1790952300000,85924.8,86029.3,85336,85653.5,3179.1294
1790953200000,85653.5,85716,85316.2,85605.1,2294.8409
1790954100000,85605,85659.6,85270,85442.8,1877.524
1790955000000,85442.8,85516.2,85277,85308.5,1439.4868
1790955900000,85308.4,85424.4,85100,85296,2675.1741
1790956800000,85296,85477.5,85101.8,85177.9,2035.8294
1790957700000,85177.8,85317.4,85062.3,85144.8,1143.2002
1790958600000,85144.9,85213.9,84964.3,85161.6,1377.1566
1790959500000,85161.6,85274,85054.9,85135.4,923.7419
1790960400000,85135.3,85238.9,84866,84884,1023.7182
1790961300000,84884.1,84950,84582,84582.1,3385.1473
1790962200000,84582.1,84768.8,84481,84589.7,1558.5993
1790963100000,84589.7,84795.2,84556,84752,760.3034
1790964000000,84752.1,84872,84740,84863.3,642.7498
1790964900000,84863.2,84863.2,84507,84597.7,1075.7301
1790965800000,84597.8,84610.1,83846.3,84012.7,4311.5341
1790966700000,84012.7,84262.6,83826.4,84220,1589.4602
1790967600000,84220.1,84275.8,84030.7,84087,744.0986
1790968500000,84087.1,84157.2,83930.8,84091.3,947.6168
1790969400000,84091.2,84197.5,84043.4,84141,464.985
1790970300000,84141,84295,84110.1,84255.5,681.0227
1790971200000,84255.5,84436.8,84255.4,84325.2,894.7554
1790972100000,84325.1,84483.5,84288,84294.7,956.5826
1790973000000,84294.7,84400,84163.8,84196.6,820.5899
1790973900000,84196.5,84459,84183.1,84407.5,554.6836
1790974800000,84407.5,84514,84383.3,84445.4,275.1483
1790975700000,84445.4,84461.2,84377.7,84390.9,180.8606
1790976600000,84390.9,84500,84370.4,84474.4,254.4012
1790977500000,84474.4,84495.2,84462.1,84484.1,147.7251
1790978400000,84484,84506.9,84404.8,84499.5,314.0468
1790979300000,84499.5,84520,84436.8,84478.1,293.8153
1790980200000,84478.1,84513.9,84452.6,84469,176.1595
1790981100000,84469,84518.7,84460,84517.3,199.3502
1790982000000,84517.4,84517.5,84444.6,84450,141.9653
1790982900000,84450.1,84529.6,84450,84520.1,131.7665
1790983800000,84520,84538.2,84478,84532.4,248.1998
1790984700000,84532.4,84537,84480,84480,203.6943
1790985600000,84480.1,84494.2,84411.6,84482.1,254.5703
1790986500000,84482.1,84533.5,84482,84514.4,204.2556
1790987400000,84514.4,84616.3,84514.3,84583.2,433.5731
1790988300000,84583.3,84642.1,84583.2,84615.3,270.6138
1790989200000,84615.3,84645,84583.5,84614.1,429.9144
1790990100000,84614.1,84688.2,84559.8,84568.1,321.5547
1790991000000,84568.1,84619.9,84568.1,84590.7,138.1495
1790991900000,84590.8,84604.6,84576.8,84599.1,89.6563
1790992800000,84599.2,84600.2,84557.9,84573.5,126.5307
1790993700000,84573.4,84636.3,84573.4,84601.9,168.0241
1790994600000,84602,84657.4,84601.9,84640.3,69.6719
1790995500000,84640.3,84640.3,84558,84558,342.3081
1790996400000,84558.1,84580,84466.2,84495.1,581.3036
1790997300000,84495,84567.9,84495,84552.5,149.5901
1790998200000,84552.5,84617,84552.4,84617,122.7838
1790999100000,84617,84662,84616.9,84662,369.0091
1791000000000,84661.9,84695.6,84622,84622.1,228.8111
1791000900000,84622.1,84622.1,84490.9,84491,298.9208
1791001800000,84490.9,84531.7,84479.6,84525,185.4515
1791002700000,84525,84579,84524.9,84545.9,103.2238
1791003600000,84546,84550,84520.2,84531.1,66.0682
1791004500000,84531.1,84586.9,84531,84586.9,128.4518
1791005400000,84586.9,84606.9,84586.9,84597.9,61.7359
1791006300000,84597.9,84620.1,84584.6,84608.5,123.6089
1791007200000,84608.4,84635,84587.9,84593.3,155.1704
1791008100000,84593.4,84630,84593.3,84606,103.9402
1791009000000,84605.9,84620.8,84580,84605.5,166.5047
1791009900000,84605.5,84605.5,84504,84543.7,223.4398
1791010800000,84543.6,84574,84529,84547.2,102.8125
1791011700000,84547.2,84590,84541.8,84590,81.1022
1791012600000,84590,84622.6,84534,84534.1,240.1354
1791013500000,84534.1,84577.8,84518,84518,311.6922
1791014400000,84518.1,84608.6,84518,84605.1,166.1827
1791015300000,84605.1,84605.2,84530,84548.3,241.4854
1791016200000,84548.4,84579.5,84533.4,84579.5,73.9904
1791017100000,84579.5,84593,84571.6,84571.6,144.1711
1791018000000,84571.7,84620.5,84571.6,84592.1,158.8694
1791018900000,84592.1,84600,84554,84554.1,161.8692
1791019800000,84554,84554,84540.9,84541,87.5547
1791020700000,84541,84545.9,84540.9,84545.9,93.1636
1791021600000,84545.9,84568.4,84545.6,84545.7,99.7075
1791022500000,84545.6,84570.3,84522.3,84545.1,175.2623
1791023400000,84545,84579.3,84545,84560.9,71.9809
1791024300000,84561,84596,84560.9,84588,77.6214
1791025200000,84587.9,84600,84574.5,84594.8,149.0406
1791026100000,84594.8,84603.6,84590.7,84597.6,69.5398
1791027000000,84597.5,84610,84597.5,84610,126.6352
1791027900000,84609.9,84650,84609.9,84626.2,184.8738
1791028800000,84626.3,84649.9,84626.2,84649.5,279.0682
1791029700000,84649.6,84876.1,84637.3,84812.6,1883.3035
1791030600000,84812.7,84880,84740.5,84781.1,967.9047
1791031500000,84781.1,84888,84781,84842.3,233.0061
1791032400000,84842.2,84858.2,84781.1,84814,291.0607
1791033300000,84814,84814,84735,84775.6,233.6751
1791034200000,84775.5,84947.7,84770.2,84799.3,483.1969
1791035100000,84799.3,84846.8,84797.7,84831.4,184.2633
1791036000000,84831.5,84831.5,84742.3,84762,278.5297
1791036900000,84761.9,84815.5,84761.9,84789.1,282.9989
1791037800000,84789.1,84794.8,84714.1,84717.2,388.9202
1791038700000,84717.2,84821.3,84717.1,84821.3,315.5539
1791039600000,84821.3,84836.6,84739.3,84836.5,218.5028
1791040500000,84836.6,84838.8,84790.9,84793.5,108.7816
1791041400000,84793.5,84810.6,84727.7,84786.5,238.684
1791042300000,84786.5,84839.6,84786.5,84825.4,84.0228
1791043200000,84825.4,84827.9,84796,84796.1,141.0349
1791044100000,84796.1,84796.1,84750,84780.7,112.5359
1791045000000,84780.6,84811.2,84780.6,84811.2,81.3623
1791045900000,84811.2,84840.1,84796.8,84831.6,144.4407
1791046800000,84831.6,84850.1,84828.6,84848.9,105.4703
1791047700000,84849,84915,84844.6,84844.6,214.0449
1791048600000,84844.6,84960,84785.9,84944.2,251.3275
1791049500000,84944.3,84977,84885,84968.1,223.6712
1791050400000,84968.1,84998,84932,84951.4,268.4563
1791051300000,84951.4,84975.6,84915,84947.3,109.1929
1791052200000,84947.4,84947.4,84873.5,84897.7,124.0026
1791053100000,84897.7,84900,84890.3,84900,58.747
1791054000000,84899.9,84900,84804.9,84824.5,131.5465
1791054900000,84824.5,84856.6,84785,84785,132.2364
1791055800000,84785,84785.1,84738.9,84740.1,196.3272
1791056700000,84740.1,84815.5,84655.5,84807.3,358.9763
1791057600000,84807.3,84865.8,84807.2,84846,112.2302
1791058500000,84846,84870,84834.2,84853.2,90.4165
1791059400000,84853.2,84853.3,84819.6,84819.6,84.2789
1791060300000,84819.6,84819.7,84667.9,84712.4,256.8769
1791061200000,84712.4,84735.2,84504,84646,744.1762
1791062100000,84646,84690.2,84646,84672.3,109.9014
1791063000000,84672.3,84691.1,84656.2,84668.1,99.0254
1791063900000,84668.1,84709.4,84660,84675.4,99.8717
1791064800000,84675.4,84754.5,84660,84747.2,166.5034
1791065700000,84747.1,84754.5,84699.2,84732.7,134.3772
1791066600000,84732.7,84756,84732.7,84755.9,62.7914
1791067500000,84755.9,84767.8,84733.6,84734.2,94.9403
1791068400000,84734.2,84748.5,84715.4,84715.6,66.0676
1791069300000,84715.5,84768,84703,84703.1,175.0138
1791070200000,84703,84753.9,84703,84753.8,65.5634
1791071100000,84753.8,84754.5,84683.5,84719.9,316.5909
1791072000000,84719.9,84813.9,84719.9,84784.9,250.9777
1791072900000,84784.9,84832,84768.1,84768.1,195.6487
1791073800000,84768.1,84806.4,84760.2,84760.2,87.8202
1791074700000,84760.2,84812.5,84736.2,84761,186.1958
1791075600000,84761,84783.4,84727.9,84732.6,217.0998
1791076500000,84732.6,84732.7,84675.9,84701.7,167.3967
1791077400000,84701.8,84770.6,84701.8,84742.7,167.6551
1791078300000,84742.8,84775.2,84742.7,84773.6,81.1652
1791079200000,84773.6,84848.4,84770,84790,191.8778
1791080100000,84790,84820,84761.7,84802.1,217.1468
1791081000000,84802.1,84816.7,84761.6,84761.7,71.1057
1791081900000,84761.7,84771.8,84737.5,84766.8,80.3061
1791082800000,84766.8,84772,84763.3,84770.7,33.0129
1791083700000,84770.7,84790.1,84752.3,84758.6,63.4692
1791084600000,84758.7,84864.2,84758.6,84841,139.9735
1791085500000,84841,84841.2,84802.3,84802.3,82.9472
1791086400000,84802.3,84814.7,84771.3,84774.6,104.3255
1791087300000,84774.5,84778.8,84774.5,84778.7,29.1013
1791088200000,84778.7,84781.6,84778.7,84781.5,29.4772
1791089100000,84781.6,84781.6,84778.7,84778.7,34.2662
1791090000000,84778.7,84810,84778.7,84790.9,64.3188
1791090900000,84791,84835.1,84790.9,84822.8,110.4786
1791091800000,84822.7,84883.1,84822.7,84883,149.6303
1791092700000,84883,84883.2,84865.5,84870,157.9796
1791093600000,84870.1,84883,84866.2,84877.7,84.5131
1791094500000,84877.8,85044.6,84830.8,84908.2,653.7992
1791095400000,84908.2,84988.8,84874.4,84916.7,309.8697
1791096300000,84916.7,85031.1,84916.7,84984.9,292.5723
1791097200000,84984.8,84984.9,84942.6,84944.2,124.2884
1791098100000,84944.2,84965,84885.8,84936,200.688
1791099000000,84936,84936.1,84883.4,84932.5,141.4251
1791099900000,84932.6,85079.3,84932.6,85065.9,342.6007
1791100800000,85065.9,85160,85050.7,85102,712.5604
1791101700000,85101.9,85159.3,85071.5,85098.2,554.5866
1791102600000,85098.3,85098.3,84995,85034.3,222.6128
1791103500000,85034.2,85082.1,85034.2,85057.5,163.8831
1791104400000,85057.4,85092.8,85010.8,85092.8,136.8122
1791105300000,85092.8,85249.6,85092.7,85220.1,538.6385
1791106200000,85220.1,85249.6,85150.2,85233.1,455.511
1791107100000,85233.1,85289.6,85176.7,85185.5,551.3405
1791108000000,85185.5,85236.8,85175.3,85219.7,153.2628
1791108900000,85219.7,85394,85219.7,85335.5,671.8796
1791109800000,85335.6,85363.5,85250,85297.3,310.1585
1791110700000,85297.3,85298.1,85220.3,85228.8,114.7425
1791111600000,85228.7,85233.1,85166,85226.8,288.3421
1791112500000,85226.9,85288,85226.8,85280.3,135.2191
1791113400000,85280.4,85285.8,85235,85236,170.3122
1791114300000,85236,85275.7,85227,85275.7,178.2499
1791115200000,85275.6,85358.9,85200,85200,400.1001
1791116100000,85200,85270.1,85135.2,85237.9,288.9287
1791117000000,85238,85268.5,85163.9,85163.9,197.559
1791117900000,85163.9,85188,85040,85087.8,691.1694
1791118800000,85087.8,85132.6,85087.7,85132.6,258.5937
1791119700000,85132.6,85200,85132.5,85199.2,262.1583
1791120600000,85199.2,85293.2,85166.8,85191,397.2071
1791121500000,85190.9,85263.9,85178.1,85205.6,165.8877
1791122400000,85205.6,85217.3,85120,85182.3,229.601
1791123300000,85182.4,85182.4,85080.4,85149.5,167.2604
1791124200000,85149.4,85167.5,85089.9,85090,163.7487
1791125100000,85090,85252.3,85058.8,85251.9,348.9679
1791126000000,85252,85348.2,85201.3,85316.6,393.2198
1791126900000,85316.6,85468.3,85234.8,85274.5,967.2414
1791127800000,85274.4,85310.8,85235.2,85302.5,197.608
1791128700000,85302.5,85360,85213.4,85213.4,281.8781
1791129600000,85213.5,85269.4,85133.4,85266,320.5874
1791130500000,85266,85277.5,85161.5,85213.9,162.2652
1791131400000,85213.9,85316.7,85213.8,85313.5,183.3788
1791132300000,85313.5,85411.2,85288.3,85338.2,251.7238
1791133200000,85338.1,85362.9,85276,85291.2,244.3482
1791134100000,85291.2,85349.8,85291.1,85342.3,100.3541
1791135000000,85342.3,85389.3,85293.1,85389.2,216.9338
1791135900000,85389.2,85431.9,85276,85276.9,289.5004
1791136800000,85276.9,85300,85271.2,85286,82.2905
1791137700000,85286,85300,85267.8,85289.7,74.3878
1791138600000,85289.8,85310.6,85274,85310.6,62.0569
1791139500000,85310.5,85320,85291.9,85296.5,74.6997
1791140400000,85296.5,85381.4,85296.5,85350.7,210.9302
1791141300000,85350.7,85436.8,85348.7,85427.8,311.6839
1791142200000,85427.7,85541.6,85363.8,85407.5,809.7284
1791143100000,85407.5,85428.7,85385.2,85385.3,125.86
1791144000000,85385.2,85410.3,85352,85399.5,200.2443
1791144900000,85399.5,85446.2,85399.4,85429,172.171
1791145800000,85429,85750,85400,85721.1,1328.1737
1791146700000,85721.2,85838.3,85671.5,85793.4,867.0631
1791147600000,85793.3,86063.5,85747,85990.3,1289.1891
1791148500000,85990.2,86027.7,85740.1,85780,917.8825
1791149400000,85780.1,85975,85780.1,85948.6,461.4984
1791150300000,85948.6,86024.3,85775.3,85826.5,332.5154
1791151200000,85826.6,86309,85826.6,86299.3,1691.7984
1791152100000,86299.3,86687.1,86200.8,86219.8,2751.275
1791153000000,86219.8,86446.7,86191.9,86339.2,785.3846
1791153900000,86339.3,86425.5,86261.1,86400,475.9044
1791154800000,86400,86613.5,86360,86542.4,703.3877
1791155700000,86542.4,86777,86490,86654.1,1324.1801
1791156600000,86654.1,86684.3,86384.7,86494.6,996.5893
1791157500000,86494.6,86531.7,86375,86484.8,422.7478
1791158400000,86484.8,86484.8,86282.7,86327.5,910.5085
1791159300000,86327.6,86460.5,86219.7,86237.7,840.4001
